{"cameraMode":{"drawMode":0,"name":"Shaded","section":"Shading Mode"},"sceneLighting":false,"audioPlay":false,"sceneViewState":{"showFog":true,"showMaterialUpdate":true,"showSkybox":false,"showFlares":true,"showImageEffects":true,"showParticleSystems":true},"in2DMode":false,"pivot":{"x":-1.397634506225586,"y":0.8232316970825195,"z":63.080387115478519},"rotation":{"x":-0.25267815589904787,"y":-0.18997585773468018,"z":0.05133195221424103,"w":-0.9476171135902405},"size":15.720632553100586,"orthographic":false}