{"cameraMode":{"drawMode":0,"name":"Shaded","section":"Shading Mode"},"sceneLighting":true,"audioPlay":false,"sceneViewState":{"showFog":true,"showMaterialUpdate":true,"showSkybox":true,"showFlares":true,"showImageEffects":true,"showParticleSystems":true},"in2DMode":false,"pivot":{"x":390.90814208984377,"y":-24.334321975708009,"z":519.63330078125},"rotation":{"x":0.09442224353551865,"y":0.6341341733932495,"z":-0.07932097464799881,"w":0.7635579705238342},"size":500.0115966796875,"orthographic":false}