{"cameraMode":{"drawMode":0,"name":"Shaded","section":"Shading Mode"},"sceneLighting":true,"audioPlay":false,"sceneViewState":{"showFog":true,"showMaterialUpdate":true,"showSkybox":true,"showFlares":true,"showImageEffects":true,"showParticleSystems":true},"in2DMode":false,"pivot":{"x":228.18258666992188,"y":50.3968505859375,"z":472.10089111328127},"rotation":{"x":0.07539013773202896,"y":0.6864036321640015,"z":-0.0724392831325531,"w":0.7200751900672913},"size":528.1604614257813,"orthographic":false}