{"cameraMode":{"drawMode":0,"name":"Shaded","section":"Shading Mode"},"sceneLighting":false,"audioPlay":false,"sceneViewState":{"showFog":true,"showMaterialUpdate":true,"showSkybox":false,"showFlares":true,"showImageEffects":true,"showParticleSystems":true},"in2DMode":false,"pivot":{"x":5.499102592468262,"y":2.3249270915985109,"z":17.894779205322267},"rotation":{"x":0.003777935868129134,"y":-0.6908766627311707,"z":-0.0029792471323162319,"w":-0.7233715653419495},"size":5.231015205383301,"orthographic":false}