{"cameraMode":{"drawMode":0,"name":"Shaded","section":"Shading Mode"},"sceneLighting":true,"audioPlay":false,"sceneViewState":{"showFog":true,"showMaterialUpdate":true,"showSkybox":true,"showFlares":true,"showImageEffects":true,"showParticleSystems":true},"in2DMode":false,"pivot":{"x":302.9510803222656,"y":67.87828063964844,"z":482.2355041503906},"rotation":{"x":-0.16373062133789063,"y":0.4659958779811859,"z":-0.08735574781894684,"w":-0.8653931617736816},"size":16.973957061767579,"orthographic":false}