{"cameraMode":{"drawMode":0,"name":"Shaded","section":"Shading Mode"},"sceneLighting":false,"audioPlay":false,"sceneViewState":{"showFog":true,"showMaterialUpdate":true,"showSkybox":false,"showFlares":true,"showImageEffects":true,"showParticleSystems":true},"in2DMode":false,"pivot":{"x":-14.062576293945313,"y":5.7412309646606449,"z":13.663617134094239},"rotation":{"x":0.1201399490237236,"y":0.6511208415031433,"z":-0.10635890066623688,"w":0.7421465516090393},"size":15.985501289367676,"orthographic":false}