{"cameraMode":{"drawMode":0,"name":"Shaded","section":"Shading Mode"},"sceneLighting":true,"audioPlay":false,"sceneViewState":{"showFog":true,"showMaterialUpdate":true,"showSkybox":true,"showFlares":true,"showImageEffects":true,"showParticleSystems":true},"in2DMode":false,"pivot":{"x":202.14300537109376,"y":-20.269023895263673,"z":521.5046997070313},"rotation":{"x":-0.11354518681764603,"y":-0.6403825879096985,"z":0.09678823500871659,"w":-0.7538365721702576},"size":464.9693603515625,"orthographic":false}