{"cameraMode":{"drawMode":0,"name":"Shaded","section":"Shading Mode"},"sceneLighting":false,"audioPlay":false,"sceneViewState":{"showFog":true,"showMaterialUpdate":true,"showSkybox":false,"showFlares":true,"showImageEffects":true,"showParticleSystems":true},"in2DMode":false,"pivot":{"x":68.06034851074219,"y":5.929999828338623,"z":11.348790168762207},"rotation":{"x":-0.16503947973251344,"y":-0.5989233255386353,"z":0.1278538852930069,"w":-0.7731557488441467},"size":192.4951934814453,"orthographic":false}