{"cameraMode":{"drawMode":0,"name":"Shaded","section":"Shading Mode"},"sceneLighting":true,"audioPlay":false,"sceneViewState":{"showFog":true,"showMaterialUpdate":true,"showSkybox":true,"showFlares":true,"showImageEffects":true,"showParticleSystems":true},"in2DMode":false,"pivot":{"x":679.8834228515625,"y":49.37318801879883,"z":533.2239990234375},"rotation":{"x":0.048252396285533908,"y":-0.7313635945320129,"z":0.05215825140476227,"w":0.6783884763717651},"size":491.90386962890627,"orthographic":false}