{"cameraMode":{"drawMode":0,"name":"Shaded","section":"Shading Mode"},"sceneLighting":true,"audioPlay":false,"sceneViewState":{"showFog":true,"showMaterialUpdate":true,"showSkybox":true,"showFlares":true,"showImageEffects":true,"showParticleSystems":true},"in2DMode":false,"pivot":{"x":12.51863956451416,"y":-8.504837036132813,"z":6.289667129516602},"rotation":{"x":0.060405977070331576,"y":0.9372192621231079,"z":-0.2059517204761505,"w":0.2748888432979584},"size":26.148954391479493,"orthographic":false}